<?xml version="1.0" ?>
<LOG_ROOT>
	<PROJECT NAME="mips32">
		<CBX_INST_ENTRY INSTANCE_NAME="|mips32|instrucMEM:Blok_instructMem|lpm_mux:Mux14" CBX_FILE_NAME="mux_mtc.tdf"/>
		<CBX_INST_ENTRY INSTANCE_NAME="|mips32|instrucMEM:Blok_instructMem|lpm_mux:Mux5" CBX_FILE_NAME="mux_mtc.tdf"/>
		<CBX_INST_ENTRY INSTANCE_NAME="|mips32|instrucMEM:Blok_instructMem|lpm_mux:Mux15" CBX_FILE_NAME="mux_mtc.tdf"/>
		<CBX_INST_ENTRY INSTANCE_NAME="|mips32|instrucMEM:Blok_instructMem|lpm_mux:Mux6" CBX_FILE_NAME="mux_mtc.tdf"/>
		<CBX_INST_ENTRY INSTANCE_NAME="|mips32|instrucMEM:Blok_instructMem|lpm_mux:Mux12" CBX_FILE_NAME="mux_mtc.tdf"/>
		<CBX_INST_ENTRY INSTANCE_NAME="|mips32|instrucMEM:Blok_instructMem|lpm_mux:Mux16" CBX_FILE_NAME="mux_mtc.tdf"/>
		<CBX_INST_ENTRY INSTANCE_NAME="|mips32|instrucMEM:Blok_instructMem|lpm_mux:Mux3" CBX_FILE_NAME="mux_mtc.tdf"/>
		<CBX_INST_ENTRY INSTANCE_NAME="|mips32|instrucMEM:Blok_instructMem|lpm_mux:Mux7" CBX_FILE_NAME="mux_mtc.tdf"/>
		<CBX_INST_ENTRY INSTANCE_NAME="|mips32|instrucMEM:Blok_instructMem|lpm_mux:Mux0" CBX_FILE_NAME="mux_0ad.tdf"/>
		<CBX_INST_ENTRY INSTANCE_NAME="|mips32|instrucMEM:Blok_instructMem|lpm_mux:Mux13" CBX_FILE_NAME="mux_mtc.tdf"/>
		<CBX_INST_ENTRY INSTANCE_NAME="|mips32|instrucMEM:Blok_instructMem|lpm_mux:Mux17" CBX_FILE_NAME="mux_mtc.tdf"/>
		<CBX_INST_ENTRY INSTANCE_NAME="|mips32|instrucMEM:Blok_instructMem|lpm_mux:Mux4" CBX_FILE_NAME="mux_mtc.tdf"/>
		<CBX_INST_ENTRY INSTANCE_NAME="|mips32|instrucMEM:Blok_instructMem|lpm_mux:Mux8" CBX_FILE_NAME="mux_mtc.tdf"/>
		<CBX_INST_ENTRY INSTANCE_NAME="|mips32|Reg_File:Blok_reg_file|altsyncram:mem_rtl_0" CBX_FILE_NAME="altsyncram_buc1.tdf"/>
		<CBX_INST_ENTRY INSTANCE_NAME="|mips32|instrucMEM:Blok_instructMem|lpm_mux:Mux1" CBX_FILE_NAME="mux_mtc.tdf"/>
		<CBX_INST_ENTRY INSTANCE_NAME="|mips32|instrucMEM:Blok_instructMem|lpm_mux:Mux10" CBX_FILE_NAME="mux_mtc.tdf"/>
		<CBX_INST_ENTRY INSTANCE_NAME="|mips32|instrucMEM:Blok_instructMem|lpm_mux:Mux18" CBX_FILE_NAME="mux_mtc.tdf"/>
		<CBX_INST_ENTRY INSTANCE_NAME="|mips32|instrucMEM:Blok_instructMem|lpm_mux:Mux9" CBX_FILE_NAME="mux_mtc.tdf"/>
		<CBX_INST_ENTRY INSTANCE_NAME="|mips32|Reg_File:Blok_reg_file|altsyncram:mem_rtl_1" CBX_FILE_NAME="altsyncram_buc1.tdf"/>
		<CBX_INST_ENTRY INSTANCE_NAME="|mips32|data_memory:Blok_data_mem|altsyncram:altsyncram_component" CBX_FILE_NAME="altsyncram_scq.tdf"/>
		<CBX_INST_ENTRY INSTANCE_NAME="|mips32|instrucMEM:Blok_instructMem|lpm_mux:Mux11" CBX_FILE_NAME="mux_mtc.tdf"/>
		<CBX_INST_ENTRY INSTANCE_NAME="|mips32|instrucMEM:Blok_instructMem|lpm_mux:Mux19" CBX_FILE_NAME="mux_mtc.tdf"/>
		<CBX_INST_ENTRY INSTANCE_NAME="|mips32|instrucMEM:Blok_instructMem|lpm_mux:Mux2" CBX_FILE_NAME="mux_mtc.tdf"/>
		<CBX_INST_ENTRY INSTANCE_NAME="|mips32|instrucMEM:Blok_instructMem|lpm_mux:Mux20" CBX_FILE_NAME="mux_mtc.tdf"/>
	</PROJECT>
</LOG_ROOT>
